step,type,amount,nameOrig,oldbalanceOrg,newbalanceOrig,nameDest,oldbalanceDest,newbalanceDest,isFraud,isFlaggedFraud
6,CASH_OUT,26768.5,C682812632,26768.5,0.0,C256417920,101976.0,128744.5,1,0
6,TRANSFER,53627.09,C1621729085,289.0,0.0,C490766432,0.0,53627.09,0,0
6,CASH_OUT,385123.59,C1892771928,98830.87,0.0,C1334973394,607328.0,982743.75,0,0
9,TRANSFER,2694402.67,C522147727,0.0,0.0,C815264031,3126233.65,9051539.23,0,0
11,PAYMENT,6905.0,C72520291,353366.0,346461.0,M1283041301,0.0,0.0,0,0
14,PAYMENT,1039.94,C456675484,84455.0,83415.06,M734380002,0.0,0.0,0,0
15,PAYMENT,10177.35,C1562190008,216063.75,205886.4,M537845694,0.0,0.0,0,0
16,CASH_IN,77689.93,C821332344,4607459.82,4685149.75,C352025003,96908.1,0.0,0,0
17,CASH_IN,15908.34,C297249050,3814149.51,3830057.86,C19570553,385599.56,657393.94,0,0
17,CASH_OUT,142640.13,C1764043329,131591.0,0.0,C314882858,2631517.3,2774157.43,0,0
21,PAYMENT,9984.59,C1999347605,50559.0,40574.41,M1902090862,0.0,0.0,0,0
34,CASH_IN,77342.25,C15208897,49674.0,127016.25,C482247884,0.0,0.0,0,0
35,CASH_OUT,439204.23,C1859941478,277043.0,0.0,C735271443,0.0,439204.23,0,0
42,PAYMENT,13067.87,C1124751795,0.0,0.0,M1762143327,0.0,0.0,0,0
47,CASH_OUT,2249574.01,C758510706,2249574.01,0.0,C1011054162,3785286.98,6034861.0,1,0
96,PAYMENT,1574.24,C628626300,51689.0,50114.76,M916539225,0.0,0.0,0,0
105,CASH_OUT,539087.79,C1597812887,539087.79,0.0,C1452774204,44825.34,583913.14,1,0
130,PAYMENT,29840.82,C297093095,175648.25,145807.43,M1036306388,0.0,0.0,0,0
134,PAYMENT,2756.7,C1376544681,201144.54,198387.84,M1633957182,0.0,0.0,0,0
146,CASH_OUT,57177.85,C1630130162,88940.0,31762.15,C2012829524,0.0,57177.85,0,0
151,TRANSFER,258103.59,C866838575,258103.59,0.0,C1299552545,0.0,0.0,1,0
156,PAYMENT,11052.87,C1171998071,302104.86,291051.99,M704521450,0.0,0.0,0,0
160,CASH_IN,212830.19,C789151201,15785.0,228615.19,C1674856452,1690257.18,1477426.99,0,0
163,CASH_OUT,93653.08,C817429660,0.0,0.0,C347860064,93660.2,187313.28,0,0
164,CASH_IN,74755.07,C2059610333,8963650.54,9038405.61,C1084899801,258515.74,183760.67,0,0
167,PAYMENT,4231.91,C1842614748,9003.55,4771.64,M1059137272,0.0,0.0,0,0
187,TRANSFER,422030.66,C213055367,0.0,0.0,C1184828957,576113.37,998144.04,0,0
192,CASH_OUT,585511.14,C1167167977,585511.14,0.0,C1270499710,67757.07,653268.21,1,0
194,TRANSFER,651477.38,C726278083,651477.38,0.0,C1737159019,0.0,0.0,1,0
201,PAYMENT,3832.93,C415706727,18130.0,14297.07,M1995171321,0.0,0.0,0,0
203,PAYMENT,17928.02,C616295566,51946.0,34017.98,M1631572268,0.0,0.0,0,0
207,PAYMENT,1319.52,C1334921027,3285.63,1966.1,M502929870,0.0,0.0,0,0
211,CASH_OUT,166306.01,C1246485249,0.0,0.0,C161433017,2292487.98,2458793.99,0,0
211,TRANSFER,393899.64,C1712579158,0.0,0.0,C478545649,467935.2,861834.85,0,0
225,PAYMENT,76089.54,C542215563,307.0,0.0,M1436394220,0.0,0.0,0,0
229,TRANSFER,736140.77,C1022335315,15455.0,0.0,C1429624548,1268826.66,2004967.43,0,0
230,PAYMENT,7096.53,C793984804,0.0,0.0,M1500724371,0.0,0.0,0,0
234,CASH_OUT,121093.73,C888082559,106662.0,0.0,C1867276676,709804.61,830898.34,0,0
236,CASH_OUT,1930613.01,C968840793,0.0,0.0,C1320086136,3530929.04,5461542.05,0,0
236,CASH_OUT,41668.97,C384565388,20829.0,0.0,C1836421211,0.0,41668.97,0,0
251,CASH_OUT,226041.42,C873322535,0.0,0.0,C1009928796,624006.56,850047.97,0,0
252,CASH_OUT,304623.06,C649436763,0.0,0.0,C1371164632,3347580.1,3652203.16,0,0
254,TRANSFER,10789.0,C305749305,10789.0,0.0,C1981629622,0.0,0.0,1,0
255,CASH_OUT,20732.76,C1306114635,106454.0,85721.24,C94078,713907.54,734640.31,0,0
256,TRANSFER,9811104.49,C1983750370,9811104.49,0.0,C381637925,0.0,0.0,1,0
257,CASH_OUT,84758.68,C1399236323,521215.0,436456.32,C468831508,2928917.02,3013675.69,0,0
270,CASH_OUT,201511.93,C1924280884,201511.93,0.0,C1283027953,0.0,201511.93,1,0
283,PAYMENT,11158.15,C1251931413,0.0,0.0,M1605784885,0.0,0.0,0,0
284,CASH_OUT,22463.46,C1722634321,10659.0,0.0,C915764678,0.0,22463.46,0,0
289,CASH_OUT,758492.63,C470945069,0.0,0.0,C1953746914,2354782.91,3113275.54,0,0
297,PAYMENT,7965.15,C656454382,0.0,0.0,M243646650,0.0,0.0,0,0
299,CASH_OUT,80513.22,C1704421972,10546.0,0.0,C43616733,0.0,80513.22,0,0
301,CASH_OUT,106095.18,C1779529033,10798.0,0.0,C1245466837,40609.03,146704.21,0,0
304,PAYMENT,23007.63,C1740228456,22703.0,0.0,M2093445849,0.0,0.0,0,0
307,PAYMENT,13505.58,C1975741414,1357.0,0.0,M1243421963,0.0,0.0,0,0
307,CASH_IN,421397.92,C410807727,25059900.15,25481298.07,C377043700,1242293.76,1049552.4,0,0
307,CASH_OUT,184635.94,C1485209742,0.0,0.0,C342683533,826408.2,1011044.14,0,0
308,CASH_OUT,37888.15,C1800217485,0.0,0.0,C269172505,2575329.09,2613217.24,0,0
308,CASH_OUT,12756.87,C552070151,0.0,0.0,C1481918317,213719.35,226476.22,0,0
316,TRANSFER,158279.4,C2088071095,158279.4,0.0,C2038364008,0.0,0.0,1,0
324,CASH_OUT,69981.6,C1187443972,0.0,0.0,C216310095,915948.1,985929.71,0,0
325,PAYMENT,17610.35,C1169858064,28134.0,10523.65,M613807461,0.0,0.0,0,0
326,CASH_IN,156500.9,C707614443,2516290.28,2672791.17,C1928882606,10899797.14,10743296.24,0,0
328,CASH_IN,289902.0,C1176666137,0.0,289902.0,C254862046,3579890.02,3289988.02,0,0
331,TRANSFER,2145242.78,C2058186339,0.0,0.0,C2033992486,3071123.19,5216365.97,0,0
332,CASH_OUT,56019.3,C2023537589,0.0,0.0,C454181825,3565276.44,3621295.74,0,0
355,CASH_IN,71212.83,C676336288,18247438.78,18318651.61,C710528547,641461.89,390277.68,0,0
355,CASH_IN,229720.21,C1766005042,25103207.39,25332927.6,C265388296,3848308.92,3618588.72,0,0
362,CASH_OUT,10000000.0,C23198921,10000000.0,0.0,C486186579,526160.19,10526160.19,1,0
368,TRANSFER,1050635.77,C2102374682,1050635.77,0.0,C1827800010,0.0,0.0,1,0
369,PAYMENT,1833.13,C1097070945,62234.0,60400.87,M273932640,0.0,0.0,0,0
370,TRANSFER,405785.16,C1034829999,0.0,0.0,C757736314,1201730.35,1607515.51,0,0
378,CASH_OUT,192040.61,C1427989205,51973.0,0.0,C368067311,503786.05,695826.66,0,0
379,PAYMENT,24068.89,C628430186,11006.0,0.0,M1626900288,0.0,0.0,0,0
380,CASH_OUT,2784.51,C1421116236,2784.51,0.0,C1258126361,4927905.98,4930690.49,1,0
386,CASH_OUT,218197.89,C236228347,0.0,0.0,C667889841,551311.49,769509.38,0,0
395,CASH_IN,57426.35,C75690579,3935553.17,3992979.53,C1395882239,444447.52,387021.17,0,0
396,PAYMENT,17494.58,C1414187157,398470.34,380975.77,M250911761,0.0,0.0,0,0
397,CASH_OUT,126742.61,C599081424,880.0,0.0,C1042214281,1124318.65,1251061.27,0,0
397,PAYMENT,19889.99,C1288730518,0.0,0.0,M520168808,0.0,0.0,0,0
398,TRANSFER,770118.73,C773340136,43117.0,0.0,C1317445613,587537.44,1357656.17,0,0
399,CASH_IN,56135.14,C361328169,29068278.87,29124414.01,C1922194943,155767.54,99632.4,0,0
400,PAYMENT,62843.09,C1276237232,0.0,0.0,M429664090,0.0,0.0,0,0
402,CASH_OUT,207674.77,C1932686709,63324.71,0.0,C2075717847,515646.37,723321.14,0,0
439,CASH_OUT,32581.44,C1991829307,0.0,0.0,C1217847277,565819.05,598400.49,0,0
471,PAYMENT,3013.32,C1169345494,0.0,0.0,M132298162,0.0,0.0,0,0
490,CASH_OUT,3641525.7,C520336445,3641525.7,0.0,C1651162496,599102.39,4240628.09,1,0
518,CASH_OUT,277558.55,C224723316,0.0,0.0,C337197710,830976.57,1108535.12,0,0
519,TRANSFER,1049424.26,C448865084,1049424.26,0.0,C154141586,0.0,0.0,1,0
529,CASH_OUT,1399724.98,C907660116,1399724.98,0.0,C1464428552,440633.99,1840358.97,1,0
544,CASH_OUT,206781.93,C370120159,802314.0,595532.07,C1424364569,8378840.04,8585621.97,0,0
563,CASH_OUT,129781.04,C2107508537,0.0,0.0,C556973954,139940.66,269721.7,0,0
578,TRANSFER,1401196.04,C838034698,0.0,0.0,C1685726862,18091387.96,19492584.0,0,0
582,TRANSFER,567244.76,C1173922212,0.0,0.0,C1790751456,2231049.77,2798294.53,0,0
589,CASH_IN,166195.83,C1782057484,5104016.0,5270211.83,C1584708550,2081069.04,1914873.22,0,0
601,TRANSFER,6709832.82,C497170556,0.0,0.0,C267063122,25608192.02,32318024.85,0,0
645,CASH_OUT,214760.72,C219928629,214760.72,0.0,C1845454349,151605.62,366366.35,1,0
649,CASH_OUT,30674.98,C31510434,30674.98,0.0,C1809202550,326371.7,357046.68,1,0
685,CASH_OUT,537539.97,C229919589,537539.97,0.0,C1914366882,0.0,537539.97,1,0
714,CASH_OUT,221167.84,C75762686,221167.84,0.0,C711384774,180443.7,401611.54,1,0
